customer_id,product_id,product_name,category,date_of_purchase,amount,quantity,location
CUST6597,PROD477,MacBook,Electronics,2024-10-01,1581.29,2000,San Francisco
CUST9605,PROD746,MacBook,Electronics,2024-10-30,534.75,4000,Dallas
CUST9329,PROD278,iPhone,Electronics,2024-04-16,1358.19,1000,Chicago
CUST6601,PROD669,Galaxy Tab,Computers,2024-12-20,1670.74,5000,Seattle
CUST6616,PROD392,iPad,Electronics,2024-04-15,953.72,1000,Seattle
CUST7525,PROD923,iPhone,Computers,2024-05-11,1589.91,4000,Houston
CUST5052,PROD979,iPhone,Electronics,2024-06-04,1829.88,2000,Dallas
CUST1039,PROD143,MacBook,Electronics,2024-03-22,584.56,2000,Los Angeles
CUST1571,PROD883,Surface Pro,Electronics,2024-08-17,1119.5,5000,Seattle
CUST3656,PROD353,iPhone,Electronics,2024-07-11,1343.68,1000,Chicago
CUST6198,PROD453,Kindle,Computers,2024-05-04,783.78,2000,Denver
CUST1205,PROD303,Surface Pro,Electronics,2024-04-20,1004.56,2000,Houston
CUST8980,PROD470,iPad,Electronics,2024-09-05,1412.47,5000,Seattle
CUST2978,PROD175,iPad,Computers,2024-08-06,1507.37,3000,Chicago
CUST1435,PROD462,iPad,Electronics,2024-06-15,1666.52,5000,Houston
CUST9619,PROD736,Galaxy Tab,Accessories,2024-11-14,1980.54,5000,Dallas
CUST9306,PROD134,Surface Pro,Computers,2024-03-21,525.98,4000,Chicago
CUST4424,PROD124,Surface Pro,Computers,2024-09-29,1005.09,5000,Los Angeles
CUST8039,PROD728,iPhone,Accessories,2024-03-26,943.36,2000,Boston
CUST3031,PROD954,Kindle,Computers,2024-10-21,192.16,1000,San Francisco
CUST5221,PROD643,MacBook,Electronics,2024-03-22,1307.57,2000,Houston
CUST9115,PROD218,iPad,Computers,2024-05-23,1646.44,3000,Dallas
CUST3182,PROD449,MacBook,Electronics,2024-03-18,138.48,2000,Houston
CUST1452,PROD286,iPad,Accessories,2024-09-11,1697.27,4000,Dallas
CUST5073,PROD313,iPhone,Accessories,2025-01-15,1449.56,4000,Dallas
CUST8356,PROD956,Kindle,Accessories,2024-10-15,1409.84,2000,Dallas
CUST3017,PROD565,Surface Pro,Electronics,2024-11-03,1454.87,5000,Miami
CUST7888,PROD914,Kindle,Electronics,2024-10-23,1192.68,1000,Seattle
CUST8556,PROD620,Galaxy Tab,Computers,2024-08-22,350.71,5000,Miami
CUST6243,PROD912,Kindle,Computers,2024-06-21,168.91,4000,Dallas
CUST7117,PROD594,Galaxy Tab,Electronics,2024-12-26,1560.1,3000,Denver
CUST7894,PROD749,iPad,Accessories,2024-07-14,185.27,3000,Houston
CUST3891,PROD118,Galaxy Tab,Electronics,2024-09-09,689.04,3000,Dallas
CUST8763,PROD858,Kindle,Electronics,2024-04-07,854.59,3000,Denver
CUST8533,PROD987,iPhone,Electronics,2024-12-09,157.78,4000,Dallas
CUST2408,PROD970,MacBook,Electronics,2024-09-09,1866.55,4000,Los Angeles
CUST7867,PROD245,Kindle,Computers,2024-12-30,1805.72,1000,Miami
CUST7727,PROD647,Kindle,Accessories,2024-07-04,203.12,2000,New York
CUST6843,PROD336,iPad,Accessories,2024-07-29,773.43,2000,Seattle
CUST1495,PROD934,iPhone,Accessories,2024-03-17,1813.04,4000,New York
CUST5405,PROD213,Galaxy Tab,Computers,2024-11-06,1644.12,1000,Miami
CUST2530,PROD437,iPhone,Computers,2024-05-06,709.25,5000,San Francisco
CUST8050,PROD527,Surface Pro,Computers,2025-02-09,1007.31,4000,Miami
CUST1513,PROD143,Surface Pro,Accessories,2024-10-06,249.11,3000,Los Angeles
CUST2682,PROD713,iPad,Electronics,2025-01-15,1615.27,3000,Chicago
CUST1542,PROD174,iPad,Computers,2025-01-02,807.02,4000,Dallas
CUST2627,PROD689,Kindle,Accessories,2024-05-17,1857.55,1000,Miami
CUST2804,PROD164,Kindle,Electronics,2024-11-06,1979.02,5000,Chicago
CUST7546,PROD309,iPhone,Accessories,2025-01-23,1895.6,5000,Chicago
CUST1709,PROD606,Galaxy Tab,Electronics,2024-09-14,790.98,4000,Houston
CUST1789,PROD512,Kindle,Electronics,2025-01-28,1417.96,5000,New York
CUST3373,PROD888,MacBook,Accessories,2024-06-25,1796.38,5000,New York
CUST5875,PROD714,Galaxy Tab,Electronics,2024-09-10,1743.07,5000,San Francisco
CUST3096,PROD615,iPhone,Electronics,2024-05-23,1256.98,2000,Dallas
CUST4089,PROD266,Galaxy Tab,Computers,2024-05-11,221.51,3000,Chicago
CUST4384,PROD343,Surface Pro,Computers,2024-11-25,1458.41,2000,New York
CUST1950,PROD604,MacBook,Computers,2024-11-10,647.07,4000,Denver
CUST8628,PROD934,iPhone,Electronics,2024-07-20,1244.41,4000,Chicago
CUST6048,PROD585,iPad,Computers,2024-10-31,983.89,5000,Houston
CUST2128,PROD607,Galaxy Tab,Electronics,2024-07-21,1657.48,3000,Los Angeles
CUST5169,PROD180,MacBook,Accessories,2024-04-26,386.06,3000,Seattle
CUST4752,PROD198,iPad,Computers,2024-07-25,401.38,3000,Denver
CUST5305,PROD706,iPhone,Electronics,2024-08-27,1724.29,1000,New York
CUST1373,PROD129,Galaxy Tab,Computers,2024-10-12,1292.09,3000,New York
CUST3044,PROD617,MacBook,Accessories,2024-07-26,1293.72,5000,Boston
CUST4860,PROD710,Surface Pro,Accessories,2024-08-14,646.09,5000,San Francisco
CUST2987,PROD315,Surface Pro,Electronics,2024-05-22,1444.67,3000,Denver
CUST7233,PROD159,Kindle,Computers,2024-12-13,1329.49,5000,San Francisco
CUST3147,PROD698,iPhone,Computers,2025-01-10,1917.9,3000,Los Angeles
CUST9123,PROD919,Kindle,Accessories,2024-05-24,346.74,1000,Los Angeles
CUST7015,PROD547,Surface Pro,Accessories,2025-01-12,605.72,1000,Seattle
CUST9909,PROD152,iPad,Accessories,2025-02-10,362.44,1000,New York
CUST6118,PROD377,iPad,Computers,2024-06-09,983.15,2000,Seattle
CUST7354,PROD157,iPhone,Accessories,2024-12-01,1373.13,2000,Denver
CUST3562,PROD969,Galaxy Tab,Computers,2024-09-27,1707.79,2000,Boston
CUST6137,PROD266,Kindle,Computers,2024-03-29,1926.85,3000,Chicago
CUST2571,PROD764,Surface Pro,Electronics,2024-04-27,146.34,1000,Miami
CUST4721,PROD606,MacBook,Electronics,2025-01-18,244.33,3000,Boston
CUST7847,PROD162,MacBook,Computers,2025-01-30,1867.09,4000,Denver
CUST5280,PROD988,iPad,Computers,2024-10-05,1947.26,3000,Dallas
CUST4525,PROD241,Galaxy Tab,Accessories,2024-03-24,1970.61,3000,Miami
CUST6350,PROD794,iPhone,Computers,2024-05-31,656.43,1000,Los Angeles
CUST9897,PROD742,MacBook,Computers,2024-03-04,1563.78,3000,Chicago
CUST1556,PROD440,Surface Pro,Computers,2024-11-15,1950.45,5000,New York
CUST1871,PROD195,iPad,Computers,2024-05-02,124.96,1000,Los Angeles
CUST5908,PROD130,Galaxy Tab,Electronics,2025-02-10,981.0,3000,Dallas
CUST9246,PROD385,Surface Pro,Accessories,2024-05-09,1108.89,2000,San Francisco
CUST7378,PROD807,Kindle,Computers,2025-02-07,1192.99,5000,New York
CUST9612,PROD226,iPad,Accessories,2024-06-06,452.78,4000,New York
CUST7877,PROD658,iPad,Accessories,2024-11-24,813.17,2000,Houston
CUST5130,PROD143,Kindle,Computers,2024-09-14,995.21,3000,Denver
CUST2337,PROD865,Galaxy Tab,Electronics,2025-02-12,602.47,5000,Chicago
CUST2361,PROD320,Kindle,Computers,2024-11-10,842.57,2000,Houston
CUST8697,PROD108,Galaxy Tab,Electronics,2024-12-20,928.98,5000,Denver
CUST7034,PROD629,iPad,Electronics,2024-09-14,542.73,3000,San Francisco
CUST8698,PROD963,Kindle,Computers,2024-05-30,241.85,3000,Houston
CUST9230,PROD616,Kindle,Electronics,2025-01-17,550.49,4000,Miami
CUST4807,PROD314,MacBook,Computers,2024-03-04,925.34,3000,Miami
CUST5624,PROD488,iPhone,Computers,2024-09-05,1275.8,4000,Boston
CUST1583,PROD731,Surface Pro,Electronics,2024-02-22,1507.72,4000,New York
CUST7185,PROD973,Kindle,Computers,2024-11-18,1899.51,1000,San Francisco
CUST9282,PROD185,Galaxy Tab,Computers,2024-04-12,1769.74,2000,Houston
CUST7639,PROD498,MacBook,Accessories,2024-11-21,1419.22,5000,New York
CUST7391,PROD301,Galaxy Tab,Computers,2024-07-03,1575.81,2000,Dallas
CUST2776,PROD614,iPhone,Computers,2024-07-25,1998.53,1000,San Francisco
CUST7068,PROD905,Galaxy Tab,Accessories,2024-05-04,534.11,3000,Dallas
CUST4694,PROD739,Kindle,Accessories,2025-02-10,1160.49,4000,Houston
CUST7877,PROD262,Surface Pro,Electronics,2024-06-09,1711.5,4000,New York
CUST5172,PROD297,Surface Pro,Computers,2024-02-17,225.7,1000,New York
CUST9427,PROD109,iPhone,Accessories,2024-02-18,1174.87,2000,Seattle
CUST3872,PROD325,Kindle,Computers,2024-10-16,312.17,2000,Los Angeles
CUST3014,PROD577,Galaxy Tab,Computers,2024-06-22,336.54,4000,Houston
CUST2638,PROD967,MacBook,Electronics,2024-12-12,1028.4,4000,New York
CUST9887,PROD768,iPad,Computers,2025-02-13,341.88,4000,Miami
CUST1942,PROD232,Surface Pro,Accessories,2025-01-10,1865.91,2000,Denver
CUST8733,PROD903,Kindle,Computers,2024-11-29,1970.71,4000,Houston
CUST1904,PROD928,Galaxy Tab,Electronics,2024-08-20,334.89,4000,Chicago
CUST9828,PROD480,iPhone,Computers,2024-03-04,1955.57,4000,San Francisco
CUST7464,PROD485,Surface Pro,Computers,2024-07-06,1404.45,3000,San Francisco
CUST4839,PROD264,Surface Pro,Accessories,2024-05-11,742.73,3000,Denver
CUST4067,PROD156,Surface Pro,Electronics,2024-08-06,1355.65,4000,Boston
CUST7756,PROD312,Kindle,Computers,2024-03-06,1821.99,1000,San Francisco
CUST4671,PROD215,Kindle,Accessories,2025-01-03,1434.4,3000,Boston
CUST1071,PROD837,Surface Pro,Accessories,2024-10-03,1253.12,3000,New York
CUST2568,PROD999,MacBook,Computers,2024-09-06,1319.37,2000,Seattle
CUST3977,PROD946,iPhone,Electronics,2024-07-18,1507.45,1000,Boston
CUST4586,PROD756,iPhone,Computers,2024-12-16,1205.08,2000,Chicago
CUST5332,PROD838,Kindle,Computers,2024-10-28,1939.7,2000,Chicago
CUST2390,PROD262,Surface Pro,Computers,2024-04-07,675.14,3000,Chicago
CUST1351,PROD379,MacBook,Computers,2025-01-22,1938.54,2000,New York
CUST1235,PROD727,iPad,Electronics,2024-02-24,618.88,2000,Houston
CUST2630,PROD825,Kindle,Computers,2024-04-30,1212.71,5000,San Francisco
CUST1495,PROD369,Galaxy Tab,Computers,2024-10-11,1563.37,1000,Dallas
CUST3147,PROD379,Galaxy Tab,Computers,2024-09-21,102.79,2000,New York
CUST6537,PROD668,Surface Pro,Computers,2024-02-26,652.72,1000,Denver
CUST6839,PROD440,MacBook,Computers,2024-02-21,1507.97,4000,Boston
CUST7661,PROD925,Galaxy Tab,Electronics,2024-05-10,1241.59,5000,Miami
CUST3726,PROD926,Surface Pro,Electronics,2024-09-24,568.26,5000,San Francisco
CUST3737,PROD604,Galaxy Tab,Computers,2024-04-23,635.82,2000,Los Angeles
CUST3568,PROD577,iPad,Computers,2024-04-21,1072.11,5000,New York
CUST7347,PROD917,Surface Pro,Accessories,2024-02-15,850.64,5000,San Francisco
CUST9841,PROD921,Surface Pro,Computers,2024-08-19,504.31,3000,Miami
CUST9297,PROD890,Galaxy Tab,Computers,2024-11-28,1023.42,3000,Los Angeles
CUST7188,PROD846,MacBook,Computers,2024-07-12,1569.43,4000,New York
CUST8065,PROD269,Kindle,Electronics,2024-04-01,1045.3,3000,Dallas
CUST5262,PROD549,MacBook,Computers,2024-10-30,498.46,2000,Denver
CUST2002,PROD850,Kindle,Electronics,2024-12-05,1928.81,3000,Houston
CUST2726,PROD389,MacBook,Accessories,2024-06-03,1839.58,2000,New York
CUST5279,PROD723,MacBook,Accessories,2025-01-20,1447.88,2000,Denver
CUST2147,PROD434,iPhone,Electronics,2024-10-11,1606.92,3000,Denver
CUST8402,PROD815,MacBook,Accessories,2024-05-03,1270.35,3000,New York
CUST3113,PROD558,MacBook,Computers,2024-10-31,130.72,1000,Los Angeles
CUST3467,PROD298,MacBook,Accessories,2025-02-09,1587.76,1000,San Francisco
CUST2376,PROD827,Surface Pro,Accessories,2024-10-19,1271.77,4000,New York
CUST7740,PROD942,Surface Pro,Computers,2024-08-23,569.89,1000,New York
CUST1782,PROD278,MacBook,Computers,2024-07-06,1431.39,4000,New York
CUST6887,PROD865,Kindle,Accessories,2024-05-16,1844.14,1000,Boston
CUST7954,PROD355,Galaxy Tab,Computers,2024-11-05,1084.31,4000,Houston
CUST1390,PROD819,iPhone,Electronics,2024-08-29,1418.76,1000,San Francisco
CUST9811,PROD738,MacBook,Computers,2024-11-16,1852.36,1000,Seattle
CUST9017,PROD102,Galaxy Tab,Electronics,2025-01-19,629.16,2000,New York
CUST1161,PROD841,iPhone,Accessories,2024-03-12,277.44,5000,San Francisco
CUST6504,PROD422,Surface Pro,Electronics,2024-04-05,1076.83,1000,San Francisco
CUST3115,PROD860,Surface Pro,Computers,2024-09-06,931.57,3000,Houston
CUST9460,PROD653,iPhone,Computers,2024-06-30,989.67,4000,Miami
CUST7714,PROD583,Surface Pro,Electronics,2024-11-10,505.13,5000,Boston
CUST4304,PROD562,MacBook,Accessories,2024-08-29,1762.15,4000,Houston
CUST6606,PROD200,Kindle,Computers,2024-08-11,282.97,3000,Los Angeles
CUST7948,PROD818,MacBook,Accessories,2025-01-02,818.47,3000,Denver
CUST7925,PROD817,iPad,Computers,2024-05-11,697.49,2000,Dallas
CUST2800,PROD795,iPhone,Computers,2024-07-27,1021.2,5000,Boston
CUST8753,PROD331,iPad,Electronics,2024-04-09,471.8,3000,Los Angeles
CUST5727,PROD602,iPhone,Electronics,2024-07-11,1452.26,5000,Seattle
CUST3643,PROD428,Surface Pro,Electronics,2025-01-10,1784.99,1000,Chicago
CUST6048,PROD379,iPhone,Electronics,2024-02-21,676.36,4000,Chicago
CUST9230,PROD127,iPad,Electronics,2025-01-25,199.84,2000,Dallas
CUST8467,PROD809,Kindle,Accessories,2024-02-15,271.09,1000,Miami
CUST5626,PROD100,MacBook,Electronics,2024-05-19,1381.5,5000,Dallas
CUST2373,PROD427,iPhone,Computers,2024-05-16,1737.36,4000,San Francisco
CUST7762,PROD985,Kindle,Accessories,2024-12-23,865.55,5000,Boston
CUST3936,PROD615,Galaxy Tab,Electronics,2024-09-06,1361.65,5000,Boston
CUST7802,PROD951,iPad,Electronics,2024-11-19,1142.23,2000,Houston
CUST7116,PROD853,MacBook,Computers,2024-03-03,1329.96,3000,Houston
CUST5036,PROD657,iPhone,Accessories,2024-07-26,967.05,4000,New York
CUST5356,PROD814,Surface Pro,Accessories,2024-12-08,275.18,1000,Dallas
CUST4746,PROD373,Surface Pro,Computers,2024-03-03,1511.09,2000,New York
CUST9951,PROD702,MacBook,Accessories,2024-10-24,474.68,4000,Miami
CUST4348,PROD829,Galaxy Tab,Accessories,2024-09-14,116.78,5000,Seattle
CUST3726,PROD970,Kindle,Computers,2025-01-04,223.04,5000,Los Angeles
CUST6537,PROD464,iPhone,Electronics,2024-06-12,697.61,3000,Miami
CUST3785,PROD735,iPad,Accessories,2024-09-28,645.41,5000,Chicago
CUST1963,PROD352,Kindle,Computers,2024-07-24,355.06,5000,Miami
CUST5139,PROD340,iPad,Computers,2024-08-22,385.05,1000,Dallas
CUST3596,PROD806,iPhone,Computers,2024-11-16,1328.18,2000,Boston
CUST3543,PROD504,MacBook,Accessories,2024-09-09,732.01,3000,Los Angeles
CUST4576,PROD535,iPad,Computers,2024-04-13,863.65,3000,Miami
CUST7707,PROD604,iPhone,Electronics,2024-10-05,701.35,1000,Houston
CUST2154,PROD576,Kindle,Accessories,2024-09-21,1382.39,4000,Boston
CUST5857,PROD764,iPad,Electronics,2024-10-05,1562.32,1000,New York
CUST3066,PROD903,iPad,Computers,2024-05-11,264.44,1000,Miami
CUST5750,PROD924,iPhone,Accessories,2024-06-21,894.87,4000,San Francisco
CUST3495,PROD543,iPad,Electronics,2024-12-30,961.32,2000,Dallas
CUST6218,PROD178,Surface Pro,Computers,2024-03-06,1579.11,4000,Dallas
CUST7663,PROD519,iPad,Computers,2024-07-13,1887.34,4000,Houston
CUST2604,PROD991,MacBook,Electronics,2024-07-03,168.16,5000,Houston
CUST3447,PROD676,Galaxy Tab,Accessories,2024-09-05,1119.65,5000,Boston
CUST7043,PROD385,Surface Pro,Electronics,2024-08-13,1940.79,5000,Dallas
CUST5955,PROD701,MacBook,Electronics,2025-02-01,1449.15,4000,Houston
CUST8846,PROD196,MacBook,Electronics,2025-01-04,955.28,5000,Boston
CUST2931,PROD402,MacBook,Electronics,2024-06-13,280.12,1000,New York
CUST9282,PROD245,Surface Pro,Accessories,2024-05-27,455.71,4000,San Francisco
CUST4473,PROD112,iPhone,Computers,2024-09-02,717.67,4000,Boston
CUST9252,PROD797,Surface Pro,Accessories,2024-06-05,985.2,4000,Houston
CUST8501,PROD651,iPad,Accessories,2024-09-05,1547.28,2000,Los Angeles
CUST9033,PROD594,MacBook,Accessories,2024-05-12,1904.01,5000,Dallas
CUST8771,PROD321,iPad,Electronics,2024-07-28,1296.39,4000,New York
CUST1621,PROD712,iPad,Accessories,2024-06-02,683.06,1000,San Francisco
CUST1901,PROD310,MacBook,Electronics,2024-05-10,1421.87,1000,San Francisco
CUST9374,PROD800,MacBook,Electronics,2025-02-05,1692.41,1000,Houston
CUST7472,PROD973,Kindle,Accessories,2024-12-27,1632.04,2000,Los Angeles
CUST9386,PROD997,iPad,Computers,2024-11-02,1607.46,3000,Denver
CUST5830,PROD112,Kindle,Accessories,2024-07-07,739.52,3000,Los Angeles
CUST8405,PROD993,Kindle,Electronics,2024-03-27,1582.21,2000,Boston
CUST4823,PROD785,Galaxy Tab,Computers,2024-09-22,495.98,1000,Boston
CUST7746,PROD244,Galaxy Tab,Accessories,2024-04-18,151.53,4000,Boston
CUST4766,PROD601,iPhone,Computers,2024-07-12,289.03,5000,Dallas
CUST4306,PROD783,Galaxy Tab,Electronics,2024-11-07,1921.85,4000,San Francisco
CUST6626,PROD413,Galaxy Tab,Computers,2024-08-15,1092.94,3000,Los Angeles
CUST3189,PROD425,Kindle,Computers,2024-08-28,723.46,2000,Seattle
CUST4360,PROD199,Galaxy Tab,Electronics,2025-01-15,247.92,5000,Denver
CUST6092,PROD469,iPhone,Electronics,2024-11-03,741.2,1000,New York
CUST9385,PROD179,iPad,Accessories,2025-01-21,1622.43,3000,Dallas
CUST2542,PROD900,iPhone,Computers,2024-04-09,382.45,4000,Dallas
CUST6433,PROD989,iPhone,Accessories,2024-03-15,1296.92,4000,Denver
CUST2263,PROD465,iPhone,Electronics,2024-11-17,482.5,5000,Chicago
CUST4343,PROD787,Surface Pro,Accessories,2024-03-29,842.45,4000,Denver
CUST4099,PROD549,iPad,Computers,2024-07-25,870.51,5000,Houston
CUST2250,PROD146,iPad,Accessories,2024-06-05,782.43,3000,San Francisco
CUST6286,PROD820,iPad,Computers,2024-06-03,1229.71,4000,New York
CUST7286,PROD949,Galaxy Tab,Electronics,2024-04-13,1615.21,1000,Denver
CUST4289,PROD767,Surface Pro,Accessories,2024-09-12,1030.72,4000,New York
CUST4068,PROD549,Surface Pro,Electronics,2024-06-14,531.35,2000,New York
CUST9446,PROD827,Galaxy Tab,Electronics,2024-05-23,1723.01,2000,Seattle
CUST4245,PROD437,Kindle,Electronics,2024-10-02,817.54,1000,New York
CUST2622,PROD337,Galaxy Tab,Computers,2025-01-30,1439.71,3000,Boston
CUST2926,PROD946,Kindle,Accessories,2024-12-02,444.2,1000,Dallas
CUST9050,PROD490,iPhone,Accessories,2024-04-16,1510.28,4000,Houston
CUST3958,PROD973,MacBook,Computers,2024-06-21,713.42,1000,San Francisco
CUST1458,PROD919,MacBook,Computers,2025-02-11,662.51,3000,Dallas
CUST9369,PROD361,Galaxy Tab,Electronics,2024-11-05,892.47,3000,Boston
CUST7775,PROD832,Surface Pro,Accessories,2024-03-30,837.78,4000,Houston
CUST2485,PROD434,iPad,Electronics,2024-09-18,839.89,3000,Seattle
CUST4500,PROD940,Kindle,Electronics,2024-09-15,1092.22,3000,Houston
CUST7462,PROD977,MacBook,Computers,2024-02-15,299.31,1000,Seattle
CUST7268,PROD147,Kindle,Computers,2024-05-28,1425.95,3000,New York
CUST5337,PROD233,iPad,Computers,2025-02-08,1890.12,4000,Denver
CUST4865,PROD796,Kindle,Computers,2024-12-02,1740.5,3000,Dallas
CUST7362,PROD701,Surface Pro,Electronics,2024-08-30,223.24,5000,Miami
CUST4461,PROD611,iPhone,Electronics,2025-01-19,631.88,1000,Boston
CUST7611,PROD367,Kindle,Electronics,2024-11-24,1085.41,1000,Miami
CUST2032,PROD399,Kindle,Accessories,2024-09-25,610.05,4000,Houston
CUST4240,PROD342,Surface Pro,Accessories,2024-07-01,1631.39,1000,New York
CUST8924,PROD138,Galaxy Tab,Computers,2025-01-01,1073.81,3000,New York
CUST7186,PROD209,iPhone,Accessories,2024-06-27,1265.12,2000,New York
CUST7347,PROD990,Surface Pro,Accessories,2024-10-28,556.38,2000,Chicago
CUST8086,PROD745,iPad,Electronics,2024-05-23,194.13,5000,Denver
CUST1926,PROD981,iPad,Computers,2024-07-26,106.45,2000,Boston
CUST3595,PROD798,iPad,Electronics,2024-05-24,299.78,3000,Dallas
CUST3496,PROD461,MacBook,Computers,2024-11-20,373.44,1000,New York
CUST1837,PROD121,Kindle,Computers,2024-09-29,1822.67,5000,Chicago
CUST1085,PROD201,Galaxy Tab,Accessories,2025-01-10,1077.19,3000,New York
CUST2525,PROD881,iPhone,Computers,2025-02-13,1270.95,3000,Boston
CUST7280,PROD885,Galaxy Tab,Computers,2024-11-01,296.84,1000,New York
CUST2073,PROD775,Galaxy Tab,Accessories,2024-11-20,1757.3,5000,Denver
CUST7495,PROD573,iPhone,Accessories,2024-04-20,1104.57,2000,Los Angeles
CUST3959,PROD610,MacBook,Computers,2024-12-07,947.46,3000,Dallas
CUST6962,PROD914,Surface Pro,Accessories,2024-10-16,1876.23,2000,Seattle
CUST3169,PROD701,Galaxy Tab,Accessories,2024-03-08,722.46,3000,Houston
CUST6623,PROD705,Surface Pro,Accessories,2024-11-01,902.04,5000,Seattle
CUST3710,PROD157,iPad,Electronics,2024-03-03,1072.3,3000,Chicago
CUST1448,PROD571,iPad,Electronics,2025-02-11,1012.47,2000,Dallas
CUST3895,PROD175,Surface Pro,Computers,2024-09-11,1763.59,2000,Los Angeles
CUST2013,PROD638,iPhone,Computers,2024-10-14,151.49,1000,New York
CUST3664,PROD584,Kindle,Computers,2024-11-26,150.5,3000,New York
CUST6147,PROD495,iPad,Electronics,2024-07-07,998.26,3000,Chicago
CUST6148,PROD402,MacBook,Electronics,2024-02-18,1242.46,5000,Boston
CUST7214,PROD411,Kindle,Accessories,2024-09-06,1917.02,5000,Los Angeles
CUST8370,PROD297,iPhone,Computers,2025-01-18,964.13,5000,Denver
CUST2461,PROD118,iPhone,Computers,2024-10-21,276.26,1000,New York
CUST4266,PROD188,Galaxy Tab,Electronics,2024-12-08,269.99,4000,Dallas
CUST4354,PROD982,iPhone,Computers,2024-02-19,1115.05,1000,Miami
CUST1651,PROD978,iPad,Accessories,2024-10-18,656.34,3000,Boston
CUST4427,PROD325,Surface Pro,Accessories,2024-10-31,735.69,3000,Seattle
CUST1141,PROD911,Surface Pro,Accessories,2024-07-02,253.5,2000,Denver
CUST4887,PROD170,Kindle,Electronics,2024-06-26,1124.3,4000,Chicago
CUST8668,PROD459,MacBook,Computers,2024-09-30,1387.54,4000,Dallas
CUST1383,PROD946,Kindle,Accessories,2024-12-30,1400.44,4000,Houston
CUST8140,PROD546,iPad,Electronics,2024-10-09,148.23,1000,Los Angeles
CUST4067,PROD215,Surface Pro,Computers,2024-03-08,1299.69,2000,Chicago
CUST1528,PROD285,MacBook,Accessories,2024-12-06,422.7,5000,Denver
CUST7440,PROD722,Kindle,Accessories,2024-10-01,1630.99,2000,New York
CUST6524,PROD515,iPad,Accessories,2024-06-05,1663.2,3000,Los Angeles
CUST8176,PROD121,Kindle,Accessories,2024-10-25,1521.21,5000,Los Angeles
CUST9623,PROD152,MacBook,Electronics,2025-01-15,1038.96,5000,Los Angeles
CUST8243,PROD629,MacBook,Accessories,2024-03-13,659.57,4000,Chicago
CUST4160,PROD487,Kindle,Accessories,2024-09-09,1118.5,1000,Denver
CUST4160,PROD731,Kindle,Computers,2024-11-09,1316.17,5000,Dallas
CUST7403,PROD488,Surface Pro,Accessories,2024-06-07,445.45,5000,Los Angeles
CUST5800,PROD392,iPad,Accessories,2025-01-29,1581.68,4000,Chicago
CUST2619,PROD721,iPad,Electronics,2024-03-06,302.16,1000,Houston
CUST3885,PROD209,iPhone,Electronics,2025-02-01,1961.33,1000,Los Angeles
CUST5442,PROD141,Galaxy Tab,Computers,2024-04-28,894.15,3000,Houston
CUST1088,PROD264,Galaxy Tab,Electronics,2024-08-17,1574.28,1000,Seattle
CUST9123,PROD229,iPhone,Computers,2024-06-11,1583.11,2000,Chicago
CUST7850,PROD356,Galaxy Tab,Accessories,2024-11-28,241.8,4000,New York
CUST9692,PROD233,Kindle,Accessories,2024-05-04,1589.18,3000,Los Angeles
CUST2079,PROD810,MacBook,Electronics,2024-11-06,1662.46,4000,New York
CUST5036,PROD270,iPad,Computers,2024-09-05,543.7,2000,Houston
CUST1361,PROD664,Surface Pro,Computers,2024-02-18,1483.14,5000,Chicago
CUST9022,PROD823,iPad,Computers,2025-02-09,1135.9,1000,Los Angeles
CUST3879,PROD457,Kindle,Electronics,2024-06-17,1806.77,2000,Chicago
CUST3289,PROD895,Kindle,Computers,2024-05-05,1181.93,2000,Seattle
CUST9046,PROD735,iPad,Accessories,2024-09-04,1817.97,2000,Chicago
CUST9578,PROD539,MacBook,Accessories,2024-11-16,676.64,2000,Miami
CUST3972,PROD570,iPhone,Computers,2024-09-19,1212.79,3000,San Francisco
CUST9021,PROD576,MacBook,Computers,2024-12-24,1947.43,3000,New York
CUST3937,PROD334,MacBook,Computers,2024-04-27,438.96,2000,New York
CUST3693,PROD360,Galaxy Tab,Computers,2024-05-16,619.98,4000,Los Angeles
CUST5258,PROD198,iPhone,Computers,2024-12-04,1447.99,1000,Los Angeles
CUST5732,PROD522,MacBook,Computers,2024-06-05,1486.58,3000,San Francisco
CUST4109,PROD795,Galaxy Tab,Accessories,2025-01-13,1113.57,1000,Los Angeles
CUST6596,PROD124,iPad,Electronics,2024-05-28,1073.57,4000,Miami
CUST8499,PROD723,Surface Pro,Electronics,2024-07-07,1954.34,1000,Miami
CUST2176,PROD810,Galaxy Tab,Accessories,2024-11-12,814.42,3000,Boston
CUST7724,PROD147,iPhone,Computers,2024-03-22,195.43,2000,Los Angeles
CUST6536,PROD877,Surface Pro,Accessories,2024-09-21,1996.1,2000,Houston
CUST4091,PROD738,Galaxy Tab,Electronics,2024-03-23,574.24,3000,New York
CUST9103,PROD326,iPad,Computers,2024-07-15,895.85,5000,Miami
CUST2747,PROD913,Galaxy Tab,Computers,2025-02-12,391.77,1000,New York
CUST4475,PROD238,Galaxy Tab,Computers,2024-11-25,1451.3,5000,Miami
CUST8354,PROD371,Kindle,Computers,2024-11-23,707.8,3000,Seattle
CUST9753,PROD543,Galaxy Tab,Computers,2024-08-09,313.3,5000,New York
CUST4804,PROD539,iPhone,Computers,2024-10-24,1035.84,2000,Chicago
CUST1639,PROD341,Surface Pro,Electronics,2024-08-17,1859.56,2000,Boston
CUST9501,PROD450,Surface Pro,Accessories,2024-12-03,198.11,3000,Los Angeles
CUST2346,PROD845,iPad,Accessories,2024-03-30,1684.59,2000,New York
CUST8845,PROD574,MacBook,Electronics,2024-05-16,1456.32,5000,Houston
CUST7991,PROD800,Galaxy Tab,Electronics,2024-03-28,1705.8,1000,Chicago
CUST2866,PROD745,Kindle,Computers,2024-04-30,1329.03,2000,Boston
CUST8474,PROD407,Kindle,Computers,2024-04-23,1893.91,2000,Miami
CUST5898,PROD765,iPad,Accessories,2024-11-08,1796.28,4000,Miami
CUST7756,PROD687,iPad,Electronics,2025-01-05,639.05,1000,Dallas
CUST3589,PROD179,iPhone,Computers,2024-06-20,908.75,3000,New York
CUST8525,PROD862,iPhone,Accessories,2024-09-12,1268.44,1000,Chicago
CUST6698,PROD233,iPhone,Computers,2024-05-22,771.58,5000,Denver
CUST4918,PROD861,iPad,Computers,2024-04-06,1850.97,2000,San Francisco
CUST7466,PROD807,iPhone,Electronics,2024-08-20,481.34,3000,Chicago
CUST6466,PROD936,Galaxy Tab,Accessories,2024-05-13,511.0,5000,Miami
CUST2131,PROD180,MacBook,Electronics,2024-09-28,1079.64,3000,New York
CUST8918,PROD912,Galaxy Tab,Electronics,2024-08-27,1468.86,2000,Miami
CUST6405,PROD867,iPad,Accessories,2024-11-29,1813.63,3000,Miami
CUST5382,PROD156,iPad,Computers,2025-02-09,965.72,3000,Chicago
CUST1495,PROD771,iPad,Computers,2025-01-14,1481.99,4000,Boston
CUST4478,PROD868,MacBook,Accessories,2025-01-14,684.74,5000,Los Angeles
CUST3329,PROD265,iPhone,Accessories,2024-09-20,1667.43,5000,Houston
CUST8758,PROD328,Galaxy Tab,Electronics,2025-01-18,1546.44,3000,Dallas
CUST7771,PROD703,Surface Pro,Electronics,2024-10-03,708.33,4000,Dallas
CUST5191,PROD187,Galaxy Tab,Computers,2024-10-10,882.22,3000,Miami
CUST7122,PROD701,MacBook,Accessories,2024-12-01,1777.14,1000,Denver
CUST7688,PROD498,iPhone,Computers,2024-05-16,1695.78,5000,New York
CUST8587,PROD934,Surface Pro,Electronics,2024-12-11,1609.76,2000,San Francisco
CUST3540,PROD135,Kindle,Computers,2024-04-05,246.65,3000,Boston
CUST9263,PROD480,Galaxy Tab,Computers,2024-08-18,799.96,3000,Dallas
CUST1628,PROD533,iPad,Accessories,2024-07-14,1431.21,2000,Seattle
CUST9781,PROD684,iPhone,Accessories,2024-07-23,397.4,4000,Miami
CUST7363,PROD964,iPad,Accessories,2024-10-23,115.95,3000,Los Angeles
CUST6356,PROD138,Kindle,Electronics,2024-05-08,380.26,2000,Houston
CUST6449,PROD175,iPhone,Accessories,2024-10-21,1567.73,3000,San Francisco
CUST1107,PROD960,MacBook,Accessories,2024-10-08,1664.36,3000,Dallas
CUST8351,PROD483,Surface Pro,Electronics,2024-06-21,386.14,4000,Dallas
CUST4458,PROD139,Kindle,Electronics,2024-09-14,1470.83,3000,Boston
CUST4368,PROD674,MacBook,Electronics,2024-11-10,988.09,4000,Miami
CUST3687,PROD105,iPhone,Computers,2024-10-01,589.24,1000,Boston
CUST3890,PROD451,iPad,Electronics,2024-10-09,754.5,1000,Denver
CUST5231,PROD766,iPhone,Computers,2024-07-12,361.29,1000,Denver
CUST2385,PROD980,iPhone,Computers,2024-04-29,1116.77,3000,Miami
CUST7529,PROD745,MacBook,Computers,2024-11-20,1715.99,1000,Los Angeles
CUST6211,PROD764,iPhone,Accessories,2024-11-04,1859.57,4000,Los Angeles
CUST1783,PROD150,Kindle,Accessories,2024-11-27,243.67,4000,San Francisco
CUST8931,PROD553,Kindle,Accessories,2024-09-18,810.21,5000,Dallas
CUST9965,PROD631,Surface Pro,Computers,2025-02-08,455.91,3000,Seattle
CUST1099,PROD780,Surface Pro,Accessories,2024-10-08,854.73,3000,Houston
CUST7509,PROD172,iPad,Accessories,2024-02-25,516.79,2000,Los Angeles
CUST6487,PROD386,Surface Pro,Accessories,2025-02-01,316.34,5000,Houston
CUST7223,PROD911,iPhone,Accessories,2024-08-08,857.91,5000,New York
CUST8400,PROD665,iPhone,Computers,2024-05-01,644.8,5000,San Francisco
CUST6874,PROD924,iPad,Accessories,2024-02-23,1136.42,4000,Miami
CUST7572,PROD727,Galaxy Tab,Accessories,2024-08-21,194.35,1000,New York
CUST9858,PROD325,MacBook,Computers,2024-12-27,1338.16,2000,Denver
CUST6643,PROD766,iPhone,Accessories,2025-01-06,1513.23,1000,Chicago
CUST3365,PROD699,iPad,Computers,2025-01-13,442.62,5000,Seattle
CUST6751,PROD150,Surface Pro,Computers,2024-05-26,411.32,2000,Seattle
CUST1264,PROD229,Surface Pro,Electronics,2025-01-17,213.5,4000,Houston
CUST5273,PROD618,Surface Pro,Accessories,2024-04-15,1046.01,1000,New York
CUST9804,PROD299,iPhone,Electronics,2024-04-22,1085.73,3000,Seattle
CUST6598,PROD924,Kindle,Computers,2024-12-19,302.92,5000,Boston
CUST6466,PROD971,Surface Pro,Accessories,2024-02-17,878.37,4000,New York
CUST7889,PROD825,MacBook,Accessories,2024-04-12,1293.54,1000,New York
CUST5621,PROD404,iPad,Electronics,2024-09-12,122.62,3000,Boston
CUST5896,PROD587,iPad,Electronics,2024-09-28,712.78,4000,Seattle
CUST6114,PROD917,Kindle,Accessories,2024-08-13,371.66,4000,San Francisco
CUST8291,PROD155,iPad,Electronics,2024-12-25,127.15,2000,Boston
CUST2184,PROD460,Galaxy Tab,Electronics,2024-07-10,1468.07,1000,Miami
CUST6395,PROD920,Kindle,Electronics,2025-02-07,178.13,1000,New York
CUST2449,PROD818,iPhone,Accessories,2024-10-31,607.41,1000,San Francisco
CUST5924,PROD408,Kindle,Accessories,2024-11-08,1878.43,4000,Los Angeles
CUST1562,PROD536,Surface Pro,Accessories,2024-06-30,145.88,3000,Dallas
CUST2772,PROD196,Galaxy Tab,Accessories,2024-09-30,1113.2,5000,Los Angeles
CUST8534,PROD435,Surface Pro,Computers,2024-06-02,1962.27,4000,Dallas
CUST8102,PROD802,Galaxy Tab,Accessories,2024-05-01,1338.77,1000,Seattle
CUST1000,PROD676,iPad,Computers,2024-09-08,1056.68,5000,New York
CUST7650,PROD468,Kindle,Accessories,2024-05-28,770.61,1000,Miami
CUST5920,PROD454,iPhone,Accessories,2024-11-03,704.86,2000,Seattle
CUST8214,PROD837,Kindle,Computers,2024-06-24,1679.59,3000,Miami
CUST6148,PROD233,Kindle,Accessories,2024-11-26,1248.12,2000,Denver
CUST8080,PROD982,iPad,Accessories,2025-01-05,441.17,4000,Houston
CUST1463,PROD972,Kindle,Electronics,2024-09-02,359.68,3000,Miami
CUST6490,PROD407,Kindle,Computers,2024-11-08,1150.35,5000,Chicago
CUST1253,PROD121,Kindle,Accessories,2024-10-24,966.38,2000,Seattle
CUST1354,PROD516,iPad,Electronics,2025-01-26,585.76,3000,Los Angeles
CUST5277,PROD478,MacBook,Electronics,2024-10-31,974.8,1000,Denver
CUST1430,PROD137,Kindle,Electronics,2024-08-31,1145.58,5000,Houston
CUST2261,PROD330,MacBook,Accessories,2024-09-08,1916.65,5000,Houston
CUST5365,PROD249,iPad,Computers,2024-09-23,1635.91,4000,Houston
CUST9000,PROD591,MacBook,Computers,2024-03-22,1210.61,4000,Los Angeles
CUST6846,PROD585,Kindle,Computers,2024-05-01,1904.27,1000,Los Angeles
CUST4457,PROD348,Kindle,Computers,2024-09-16,1625.79,3000,Seattle
CUST9960,PROD700,MacBook,Electronics,2024-05-11,1953.73,1000,San Francisco
CUST8560,PROD735,iPad,Computers,2024-10-28,518.62,3000,Miami
CUST7953,PROD511,MacBook,Accessories,2024-09-28,1174.85,5000,Los Angeles
CUST4372,PROD791,MacBook,Accessories,2024-10-02,1161.88,5000,San Francisco
CUST6746,PROD147,Galaxy Tab,Computers,2024-11-13,1318.71,4000,San Francisco
CUST5194,PROD660,iPad,Computers,2024-08-23,535.93,2000,Seattle
CUST7205,PROD993,Surface Pro,Electronics,2024-02-15,1718.48,2000,Boston
CUST9533,PROD507,MacBook,Accessories,2024-12-29,1398.04,2000,Houston
CUST6347,PROD332,MacBook,Computers,2024-12-14,388.58,4000,Chicago
CUST4010,PROD999,Kindle,Accessories,2024-03-15,1080.07,5000,Houston
CUST9890,PROD494,Galaxy Tab,Computers,2024-07-23,1331.67,2000,Miami
CUST3384,PROD715,Surface Pro,Electronics,2024-04-06,1777.43,4000,New York
CUST2100,PROD914,iPhone,Electronics,2024-03-26,1910.06,1000,New York
CUST7680,PROD954,Galaxy Tab,Computers,2024-06-07,149.43,2000,Dallas
CUST7469,PROD278,MacBook,Accessories,2024-09-01,1530.12,4000,New York
CUST2702,PROD291,MacBook,Electronics,2024-12-17,1944.15,1000,Denver
CUST6254,PROD580,Galaxy Tab,Electronics,2024-02-16,1896.59,4000,New York
CUST7049,PROD451,iPad,Electronics,2025-01-21,1044.06,1000,Los Angeles
CUST8893,PROD192,Kindle,Accessories,2024-05-09,1883.53,4000,Houston
CUST3194,PROD611,Kindle,Computers,2025-02-01,1404.57,3000,Boston
CUST6526,PROD162,MacBook,Computers,2024-06-09,650.8,5000,Los Angeles
CUST8356,PROD824,Galaxy Tab,Electronics,2024-03-13,1639.85,4000,San Francisco
CUST6019,PROD474,Surface Pro,Accessories,2024-05-29,171.7,2000,New York
CUST8714,PROD705,Galaxy Tab,Accessories,2024-11-05,746.16,2000,San Francisco
CUST5523,PROD295,Surface Pro,Accessories,2025-02-01,787.07,5000,Dallas
CUST5668,PROD817,iPhone,Computers,2024-10-22,488.7,4000,Seattle
CUST6289,PROD284,iPad,Computers,2024-11-04,1437.13,2000,Denver
CUST5167,PROD935,iPhone,Accessories,2024-11-18,279.75,1000,Dallas
CUST8261,PROD853,MacBook,Accessories,2025-02-09,401.31,5000,Boston
CUST9768,PROD877,Galaxy Tab,Computers,2024-05-24,1618.82,5000,Dallas
CUST7504,PROD483,Surface Pro,Computers,2024-04-22,1178.27,1000,Los Angeles
CUST4961,PROD499,MacBook,Electronics,2024-08-16,1604.42,4000,New York
CUST6698,PROD278,Surface Pro,Accessories,2024-05-04,856.17,4000,Dallas
CUST1207,PROD812,iPad,Computers,2025-01-07,1711.93,2000,San Francisco
CUST7285,PROD497,Kindle,Accessories,2024-10-16,473.5,3000,Houston
CUST1867,PROD730,iPad,Computers,2024-10-10,1405.95,4000,Dallas
CUST8708,PROD612,MacBook,Accessories,2024-04-19,1622.53,5000,Seattle
CUST4902,PROD501,iPhone,Accessories,2024-04-04,1673.14,1000,Chicago
CUST1570,PROD424,iPad,Accessories,2024-08-20,157.31,5000,Dallas
CUST4605,PROD376,iPad,Computers,2024-08-10,1548.61,5000,Denver
CUST2816,PROD708,iPad,Accessories,2024-03-28,1611.82,1000,New York
CUST6715,PROD148,Kindle,Electronics,2025-01-29,916.05,1000,Los Angeles
CUST8257,PROD448,Surface Pro,Electronics,2024-03-14,1211.08,1000,Miami
CUST6568,PROD639,Kindle,Electronics,2024-05-17,1222.05,4000,Dallas
CUST7309,PROD374,Kindle,Electronics,2024-06-08,1264.91,3000,Los Angeles
CUST2681,PROD367,Kindle,Electronics,2024-09-05,1030.25,1000,Chicago
CUST9179,PROD912,iPhone,Electronics,2024-09-07,944.09,3000,New York
CUST5384,PROD287,iPad,Accessories,2025-01-28,190.23,1000,San Francisco
CUST6442,PROD389,Kindle,Computers,2024-11-11,207.54,4000,Los Angeles
CUST1232,PROD769,MacBook,Computers,2024-11-30,347.65,2000,Los Angeles
CUST5677,PROD395,MacBook,Computers,2024-04-28,422.33,3000,New York
CUST8110,PROD952,iPad,Accessories,2025-01-17,375.44,4000,Seattle
CUST8722,PROD589,iPhone,Computers,2024-03-13,1922.29,1000,Denver
CUST2634,PROD306,iPad,Electronics,2024-07-27,432.3,2000,Miami
CUST1656,PROD113,iPhone,Accessories,2024-05-18,1057.54,3000,Miami
CUST1270,PROD669,iPhone,Accessories,2024-09-07,1683.56,2000,Chicago
CUST3716,PROD451,MacBook,Computers,2025-01-17,1694.35,2000,Chicago
CUST9328,PROD453,MacBook,Computers,2024-11-12,269.52,5000,Houston
CUST7060,PROD574,iPad,Accessories,2024-12-14,1421.16,5000,Chicago
CUST9222,PROD702,iPad,Electronics,2024-06-16,1989.88,5000,Dallas
CUST3483,PROD656,Surface Pro,Electronics,2024-06-01,1201.37,4000,Chicago
CUST9138,PROD137,Galaxy Tab,Electronics,2024-08-11,704.53,3000,Houston
CUST2437,PROD899,Kindle,Electronics,2024-09-05,162.37,2000,Seattle
CUST7120,PROD960,Kindle,Accessories,2024-10-18,1919.27,5000,Seattle
CUST6231,PROD499,Galaxy Tab,Accessories,2025-01-07,941.52,2000,Denver
CUST9173,PROD403,iPad,Computers,2024-08-30,1774.11,5000,Chicago
CUST3370,PROD932,iPad,Accessories,2024-09-05,552.92,2000,Chicago
CUST9533,PROD677,MacBook,Accessories,2024-04-07,890.8,3000,Denver
CUST7748,PROD137,iPhone,Computers,2024-04-14,934.11,2000,Miami
CUST6638,PROD636,Kindle,Accessories,2024-06-21,885.97,5000,Denver
CUST3257,PROD438,Surface Pro,Accessories,2024-09-10,922.95,1000,Seattle
CUST9541,PROD398,Surface Pro,Accessories,2024-06-27,268.41,3000,Seattle
CUST3587,PROD764,Surface Pro,Computers,2024-07-27,1161.44,5000,Houston
CUST3757,PROD787,Galaxy Tab,Computers,2024-05-07,918.08,4000,New York
CUST7943,PROD880,Surface Pro,Computers,2024-06-21,1355.08,5000,New York
CUST8131,PROD281,Galaxy Tab,Computers,2024-03-27,1164.41,2000,New York
CUST6180,PROD585,iPad,Computers,2025-01-08,493.11,1000,New York
CUST7132,PROD395,iPad,Computers,2024-09-03,1469.89,5000,Los Angeles
CUST5668,PROD675,Surface Pro,Accessories,2024-11-08,624.49,4000,Dallas
CUST2744,PROD619,iPhone,Electronics,2024-11-13,1409.76,4000,Seattle
CUST6194,PROD181,Galaxy Tab,Accessories,2024-05-19,1041.23,5000,Seattle
CUST4877,PROD297,MacBook,Computers,2024-05-03,272.09,2000,Chicago
CUST6040,PROD355,iPhone,Computers,2024-09-27,1623.77,4000,Miami
CUST7480,PROD422,iPad,Computers,2024-03-19,884.67,1000,Miami
CUST7015,PROD157,MacBook,Accessories,2024-11-23,1077.44,2000,Miami
CUST3151,PROD324,Surface Pro,Electronics,2024-08-12,795.6,2000,Seattle
CUST5500,PROD103,Kindle,Electronics,2024-09-27,613.92,5000,Miami
CUST5413,PROD308,iPad,Accessories,2024-04-26,983.05,3000,Chicago
CUST2935,PROD899,Galaxy Tab,Electronics,2024-03-13,1184.7,3000,Los Angeles
CUST7168,PROD745,Galaxy Tab,Computers,2024-04-12,1342.76,2000,Miami
CUST3827,PROD919,iPhone,Computers,2024-03-17,946.45,1000,Denver
CUST5741,PROD508,iPhone,Electronics,2024-12-31,1118.35,2000,Seattle
CUST3662,PROD913,iPad,Accessories,2024-09-25,1733.79,4000,Seattle
CUST5679,PROD832,Kindle,Electronics,2024-06-22,167.19,3000,New York
CUST9333,PROD356,iPhone,Accessories,2024-11-22,712.41,3000,Los Angeles
CUST6314,PROD400,MacBook,Computers,2024-08-04,850.25,3000,San Francisco
CUST1772,PROD707,Galaxy Tab,Accessories,2024-06-26,1878.39,2000,Seattle
CUST1661,PROD694,Kindle,Computers,2024-10-07,1130.73,5000,Denver
CUST2620,PROD959,iPhone,Accessories,2024-06-07,612.11,3000,Denver
CUST3910,PROD422,Galaxy Tab,Electronics,2024-10-29,997.48,4000,Denver
CUST6887,PROD305,Galaxy Tab,Computers,2024-06-03,463.29,1000,Houston
CUST5250,PROD181,iPhone,Electronics,2024-02-17,349.16,2000,San Francisco
CUST9856,PROD615,MacBook,Computers,2024-09-18,1489.2,2000,New York
CUST7481,PROD414,Galaxy Tab,Electronics,2024-10-16,1549.98,1000,San Francisco
CUST5509,PROD736,iPad,Computers,2024-06-05,976.19,2000,Dallas
CUST5646,PROD858,Surface Pro,Electronics,2024-12-12,332.34,5000,Houston
CUST2467,PROD322,MacBook,Electronics,2024-07-24,1772.63,3000,Miami
CUST9634,PROD319,iPhone,Accessories,2024-08-30,1627.58,4000,Seattle
CUST2934,PROD943,iPad,Computers,2024-08-06,1030.62,2000,Dallas
CUST8747,PROD759,Surface Pro,Computers,2024-11-11,1289.62,3000,New York
CUST8090,PROD194,Galaxy Tab,Computers,2025-02-10,871.8,3000,Boston
CUST8396,PROD654,iPad,Accessories,2024-11-28,993.16,2000,New York
CUST8087,PROD653,Galaxy Tab,Accessories,2024-05-18,1963.95,2000,San Francisco
CUST9639,PROD158,MacBook,Accessories,2024-10-29,966.2,5000,Los Angeles
CUST2110,PROD164,iPhone,Computers,2024-03-15,135.15,4000,Seattle
CUST7265,PROD318,Kindle,Accessories,2024-12-15,1432.68,5000,New York
CUST4482,PROD193,Galaxy Tab,Computers,2024-08-04,900.32,5000,San Francisco
CUST9500,PROD789,Galaxy Tab,Electronics,2024-10-22,423.99,1000,New York
CUST2796,PROD246,Surface Pro,Accessories,2024-10-04,1461.02,1000,San Francisco
CUST8574,PROD357,Surface Pro,Computers,2024-12-15,1848.95,4000,Los Angeles
CUST7511,PROD409,Galaxy Tab,Accessories,2024-03-07,1311.19,1000,New York
CUST4060,PROD528,iPad,Computers,2025-01-26,1066.95,1000,Denver
CUST7991,PROD398,Galaxy Tab,Accessories,2024-10-20,321.86,5000,Houston
CUST4055,PROD720,iPad,Accessories,2024-10-13,995.18,3000,Dallas
CUST3393,PROD529,MacBook,Electronics,2024-02-23,289.17,1000,Dallas
CUST7768,PROD899,Kindle,Electronics,2024-09-13,1757.62,4000,Houston
CUST3959,PROD308,iPhone,Accessories,2025-01-03,560.85,1000,Los Angeles
CUST5546,PROD204,Galaxy Tab,Electronics,2024-03-18,273.96,3000,Miami
CUST3070,PROD822,MacBook,Accessories,2024-10-26,1643.37,1000,Boston
CUST7304,PROD896,MacBook,Electronics,2024-12-22,1972.12,3000,Seattle
CUST7846,PROD575,Surface Pro,Accessories,2024-02-22,791.41,3000,Boston
CUST4505,PROD756,Kindle,Accessories,2024-10-07,765.41,1000,Dallas
CUST6605,PROD922,Kindle,Electronics,2024-12-03,1049.13,1000,Houston
CUST4558,PROD522,Galaxy Tab,Electronics,2024-10-05,754.5,4000,Boston
CUST3815,PROD292,Surface Pro,Accessories,2024-08-08,1617.71,1000,New York
CUST4069,PROD743,Surface Pro,Computers,2024-05-15,1680.63,2000,New York
CUST4596,PROD706,Kindle,Accessories,2024-05-25,509.5,4000,Seattle
CUST7795,PROD583,MacBook,Electronics,2024-12-20,296.4,4000,Los Angeles
CUST4189,PROD858,MacBook,Computers,2024-04-24,1733.77,4000,Seattle
CUST9759,PROD209,iPhone,Accessories,2024-09-12,1988.35,3000,Chicago
CUST5748,PROD732,iPad,Computers,2024-09-11,1727.34,4000,Houston
CUST5543,PROD641,Galaxy Tab,Accessories,2024-07-02,1241.61,1000,Chicago
CUST4133,PROD799,Surface Pro,Accessories,2024-09-20,1987.74,4000,San Francisco
CUST2627,PROD798,iPhone,Electronics,2025-02-01,1483.4,4000,Dallas
CUST4798,PROD242,iPad,Computers,2025-01-23,1937.14,2000,New York
CUST5792,PROD437,iPad,Accessories,2025-01-05,764.97,1000,Dallas
CUST4081,PROD633,MacBook,Electronics,2024-11-10,1519.38,2000,Boston
CUST7967,PROD674,Galaxy Tab,Computers,2024-06-20,647.49,5000,Los Angeles
CUST5554,PROD410,Galaxy Tab,Computers,2025-02-10,1850.14,5000,Dallas
CUST1289,PROD303,iPhone,Accessories,2024-10-30,1800.17,4000,Denver
CUST7416,PROD919,MacBook,Computers,2024-02-29,507.29,5000,Boston
CUST6804,PROD188,iPhone,Computers,2024-04-13,694.65,3000,Dallas
CUST3442,PROD446,Galaxy Tab,Computers,2024-05-16,862.69,4000,Boston
CUST3268,PROD674,Kindle,Accessories,2024-10-23,999.09,5000,New York
CUST9977,PROD196,Kindle,Electronics,2024-11-13,1551.43,2000,Chicago
CUST5565,PROD870,Surface Pro,Electronics,2024-09-01,1966.97,4000,Seattle
CUST1139,PROD499,Kindle,Electronics,2024-08-12,598.97,1000,Miami
CUST9662,PROD583,iPad,Accessories,2024-06-01,1916.8,2000,San Francisco
CUST1402,PROD120,Surface Pro,Electronics,2024-05-10,152.64,2000,Denver
CUST4856,PROD376,Kindle,Accessories,2024-04-23,1710.18,1000,Seattle
CUST2169,PROD939,iPhone,Accessories,2024-09-13,765.47,2000,Seattle
CUST5363,PROD793,Surface Pro,Accessories,2024-12-20,1870.12,3000,Dallas
CUST9323,PROD204,Surface Pro,Accessories,2024-07-22,1937.99,5000,Boston
CUST5614,PROD636,iPhone,Electronics,2024-06-13,747.04,5000,Dallas
CUST8225,PROD292,iPad,Computers,2024-07-20,1941.95,1000,Seattle
CUST9859,PROD421,iPhone,Electronics,2024-07-15,636.86,1000,Houston
CUST6344,PROD569,Kindle,Accessories,2024-04-01,1399.16,4000,Denver
CUST6907,PROD517,Kindle,Electronics,2024-02-26,1853.79,5000,Boston
CUST5624,PROD697,MacBook,Electronics,2024-09-16,1480.56,2000,Houston
CUST7959,PROD535,MacBook,Accessories,2024-11-15,470.75,5000,Seattle
CUST1774,PROD507,Galaxy Tab,Computers,2024-04-30,533.56,5000,New York
CUST7543,PROD234,iPhone,Electronics,2024-02-28,1268.13,2000,Chicago
CUST2372,PROD323,iPhone,Computers,2024-11-02,1424.3,1000,Boston
CUST1064,PROD647,Kindle,Accessories,2024-03-19,1633.3,4000,San Francisco
CUST7285,PROD338,Galaxy Tab,Computers,2024-10-29,903.67,1000,New York
CUST3658,PROD261,Surface Pro,Electronics,2024-09-20,286.07,4000,Denver
CUST1852,PROD490,iPhone,Computers,2024-06-15,975.16,3000,Chicago
CUST1505,PROD515,Galaxy Tab,Computers,2024-02-20,395.53,3000,Dallas
CUST8094,PROD638,iPad,Computers,2024-06-19,220.79,1000,Houston
CUST5007,PROD443,Kindle,Accessories,2024-03-12,1309.9,5000,San Francisco
CUST9192,PROD344,Surface Pro,Accessories,2024-06-14,331.33,4000,Denver
CUST5528,PROD118,Galaxy Tab,Computers,2024-11-11,372.18,4000,Seattle
CUST1050,PROD929,iPhone,Accessories,2024-04-02,868.83,4000,Boston
CUST1472,PROD306,MacBook,Electronics,2024-10-29,1830.59,1000,New York
CUST2130,PROD635,iPad,Computers,2024-07-22,128.81,4000,New York
CUST2431,PROD199,Galaxy Tab,Computers,2024-11-22,778.82,4000,Chicago
CUST2105,PROD345,Kindle,Electronics,2024-12-14,131.41,2000,Houston
CUST4101,PROD299,Galaxy Tab,Accessories,2024-09-12,842.97,4000,Houston
CUST1520,PROD112,iPad,Electronics,2024-06-12,103.77,1000,Seattle
CUST2800,PROD888,MacBook,Accessories,2024-07-17,1074.83,4000,San Francisco
CUST5008,PROD882,iPad,Accessories,2024-03-13,460.32,5000,Seattle
CUST5348,PROD473,MacBook,Computers,2024-11-03,1995.35,5000,San Francisco
CUST3299,PROD788,iPad,Computers,2025-02-08,1968.13,1000,Denver
CUST5594,PROD890,iPhone,Computers,2024-05-29,974.91,3000,Los Angeles
CUST6578,PROD148,Kindle,Accessories,2024-04-22,204.15,3000,Houston
CUST1571,PROD951,Surface Pro,Accessories,2024-03-09,856.8,5000,Dallas
CUST7988,PROD408,MacBook,Accessories,2024-11-19,1361.1,5000,Seattle
CUST1888,PROD302,Surface Pro,Electronics,2024-06-30,239.39,1000,Miami
CUST8476,PROD947,Galaxy Tab,Computers,2025-01-05,1650.17,1000,Boston
CUST8715,PROD296,Galaxy Tab,Electronics,2024-04-01,1083.8,2000,Seattle
CUST4664,PROD984,iPhone,Electronics,2024-05-17,210.76,5000,Boston
CUST2116,PROD874,MacBook,Computers,2024-05-14,847.39,4000,Houston
CUST3465,PROD797,iPhone,Computers,2024-03-05,1385.14,3000,Houston
CUST6692,PROD479,Kindle,Electronics,2024-12-09,1699.74,4000,New York
CUST7630,PROD734,iPhone,Electronics,2025-02-11,1360.4,1000,Dallas
CUST2883,PROD892,Surface Pro,Electronics,2024-10-05,1982.91,1000,Los Angeles
CUST5551,PROD769,Kindle,Computers,2024-05-02,1705.93,2000,New York
CUST2534,PROD165,Kindle,Electronics,2024-08-17,1119.68,3000,San Francisco
CUST3184,PROD883,Kindle,Computers,2025-01-09,1346.59,5000,San Francisco
CUST8147,PROD770,Kindle,Accessories,2024-07-13,1302.58,1000,Seattle
CUST2280,PROD339,MacBook,Electronics,2024-05-22,1718.3,3000,Miami
CUST3019,PROD513,iPhone,Computers,2024-07-19,629.73,2000,Dallas
CUST3461,PROD811,MacBook,Electronics,2024-02-22,1147.31,2000,New York
CUST5693,PROD652,Galaxy Tab,Accessories,2024-11-28,945.09,1000,Miami
CUST8308,PROD665,iPhone,Electronics,2024-02-27,1920.0,2000,Houston
CUST9300,PROD502,iPhone,Electronics,2024-03-22,1612.83,5000,San Francisco
CUST4154,PROD493,iPad,Accessories,2024-04-02,1254.3,4000,Seattle
CUST2490,PROD802,MacBook,Accessories,2024-11-14,1873.98,4000,San Francisco
CUST9512,PROD927,MacBook,Accessories,2024-12-13,641.33,4000,Chicago
CUST2528,PROD609,MacBook,Accessories,2024-11-05,936.89,5000,Los Angeles
CUST3829,PROD962,Kindle,Accessories,2024-09-08,273.03,4000,Miami
CUST1741,PROD233,Surface Pro,Computers,2024-03-15,993.04,1000,Boston
CUST3775,PROD928,Kindle,Electronics,2025-01-14,1687.06,1000,Denver
CUST9306,PROD404,iPad,Electronics,2024-04-18,505.75,3000,Dallas
CUST2856,PROD597,iPhone,Computers,2025-02-01,353.45,2000,San Francisco
CUST4026,PROD139,Kindle,Electronics,2024-04-11,1521.21,2000,Dallas
CUST7543,PROD139,iPhone,Electronics,2025-01-06,1440.86,4000,Chicago
CUST8488,PROD625,Galaxy Tab,Electronics,2024-04-12,1732.01,2000,Miami
CUST4375,PROD467,iPad,Electronics,2024-10-07,1716.7,4000,San Francisco
CUST6807,PROD261,iPad,Computers,2024-05-11,1087.07,2000,Houston
CUST5503,PROD990,Surface Pro,Accessories,2024-03-06,139.94,3000,Houston
CUST4507,PROD769,Galaxy Tab,Electronics,2025-02-01,235.95,1000,Denver
CUST1329,PROD864,iPhone,Accessories,2024-12-28,648.55,2000,New York
CUST7625,PROD519,Surface Pro,Computers,2024-02-27,708.49,4000,Houston
CUST2467,PROD829,iPad,Electronics,2024-10-22,1242.85,3000,Denver
CUST7375,PROD508,Surface Pro,Electronics,2024-09-06,115.88,3000,Boston
CUST5423,PROD814,iPhone,Electronics,2024-10-05,105.52,5000,New York
CUST4182,PROD381,iPhone,Accessories,2024-03-24,487.05,3000,Miami
CUST6120,PROD410,Kindle,Accessories,2024-09-28,422.75,5000,Seattle
CUST7797,PROD713,MacBook,Accessories,2024-06-27,1454.93,2000,Chicago
CUST8876,PROD683,MacBook,Electronics,2024-06-24,1170.01,5000,Miami
CUST7792,PROD214,Kindle,Electronics,2024-04-18,1033.9,1000,Seattle
CUST6974,PROD998,MacBook,Computers,2024-08-23,362.83,5000,Miami
CUST1074,PROD481,iPhone,Accessories,2024-08-31,1510.24,1000,San Francisco
CUST6407,PROD261,Surface Pro,Electronics,2024-07-18,321.05,1000,Houston
CUST3586,PROD810,MacBook,Electronics,2024-09-26,784.3,5000,New York
CUST5337,PROD835,Kindle,Computers,2025-01-09,1581.64,5000,Dallas
CUST3500,PROD214,Surface Pro,Computers,2024-08-09,1912.78,4000,San Francisco
CUST6847,PROD234,iPhone,Accessories,2024-04-12,1654.09,3000,Boston
CUST1024,PROD989,iPad,Computers,2024-03-09,375.65,4000,Dallas
CUST8206,PROD748,Kindle,Computers,2024-10-12,684.82,1000,Seattle
CUST1938,PROD146,MacBook,Electronics,2024-11-13,144.79,5000,Houston
CUST1652,PROD435,iPad,Accessories,2024-12-01,497.11,3000,New York
CUST6881,PROD645,Kindle,Electronics,2024-05-04,173.35,3000,New York
CUST5183,PROD350,Galaxy Tab,Accessories,2024-08-02,216.0,4000,Denver
CUST6447,PROD934,Surface Pro,Computers,2024-12-09,1213.21,3000,New York
CUST9651,PROD624,Surface Pro,Accessories,2024-04-22,662.51,1000,Boston
CUST6667,PROD826,Galaxy Tab,Accessories,2024-03-23,1873.98,4000,Miami
CUST5835,PROD700,MacBook,Accessories,2025-01-04,424.71,5000,Miami
CUST6347,PROD987,Kindle,Electronics,2024-04-30,229.78,4000,Houston
CUST4763,PROD544,MacBook,Electronics,2024-03-11,431.4,1000,Los Angeles
CUST2123,PROD377,iPad,Computers,2024-04-30,1635.05,5000,Boston
CUST5302,PROD400,iPhone,Electronics,2024-07-06,383.22,1000,Miami
CUST6771,PROD639,Surface Pro,Computers,2024-10-22,1073.15,2000,New York
CUST5744,PROD738,iPhone,Computers,2024-05-22,1588.03,2000,New York
CUST5796,PROD448,iPad,Electronics,2024-05-21,762.98,5000,Dallas
CUST3937,PROD959,MacBook,Accessories,2024-11-08,1469.43,5000,Houston
CUST5948,PROD895,iPhone,Computers,2024-05-22,932.3,3000,Houston
CUST7512,PROD577,Galaxy Tab,Electronics,2025-01-22,1694.96,5000,Houston
CUST3776,PROD447,iPhone,Accessories,2025-02-08,175.62,2000,Denver
CUST1389,PROD810,iPhone,Accessories,2024-02-16,1145.43,3000,Miami
CUST6496,PROD605,MacBook,Computers,2025-02-03,1895.93,1000,Houston
CUST9551,PROD567,Surface Pro,Electronics,2025-01-23,1598.85,2000,Los Angeles
CUST7204,PROD860,Surface Pro,Electronics,2024-12-06,1917.25,3000,Boston
CUST2038,PROD113,Surface Pro,Accessories,2025-02-03,375.06,2000,Denver
CUST8903,PROD444,Kindle,Computers,2024-09-13,1097.85,3000,Seattle
CUST7113,PROD157,iPad,Accessories,2024-07-18,122.6,4000,New York
CUST1390,PROD372,Kindle,Computers,2024-06-01,1824.8,5000,Denver
CUST5980,PROD352,Kindle,Electronics,2024-11-09,1248.14,4000,Boston
CUST1779,PROD965,Kindle,Computers,2024-06-18,1504.78,3000,San Francisco
CUST5160,PROD437,iPhone,Accessories,2024-11-30,380.46,1000,Denver
CUST5129,PROD208,iPad,Accessories,2024-11-15,863.85,4000,Denver
CUST7643,PROD878,Surface Pro,Accessories,2024-04-01,1774.06,5000,Los Angeles
CUST8444,PROD295,iPhone,Electronics,2024-03-03,1997.19,5000,Boston
CUST5615,PROD117,Surface Pro,Accessories,2024-03-21,888.92,5000,San Francisco
CUST5370,PROD999,Surface Pro,Computers,2024-03-11,403.75,4000,Seattle
CUST9835,PROD525,iPhone,Computers,2024-11-28,1546.59,2000,Chicago
CUST3231,PROD963,Kindle,Electronics,2025-01-10,467.14,5000,Chicago
CUST2634,PROD767,Kindle,Computers,2024-11-15,917.18,5000,New York
CUST9623,PROD986,Kindle,Computers,2024-07-08,1114.22,5000,New York
CUST2938,PROD902,Kindle,Computers,2024-05-24,1626.99,4000,Chicago
CUST6698,PROD667,Surface Pro,Computers,2024-07-23,1858.44,2000,Chicago
CUST8874,PROD867,MacBook,Electronics,2024-12-14,691.92,2000,Chicago
CUST4688,PROD132,iPad,Electronics,2024-10-01,700.16,2000,Miami
CUST2881,PROD616,iPad,Accessories,2024-03-14,1394.38,1000,Los Angeles
CUST7801,PROD665,Galaxy Tab,Accessories,2025-02-06,817.33,5000,Chicago
CUST4872,PROD327,Kindle,Electronics,2024-09-19,1472.5,2000,Dallas
CUST7810,PROD813,MacBook,Electronics,2025-01-05,558.7,3000,Dallas
CUST6472,PROD847,MacBook,Accessories,2024-08-31,1073.47,4000,Houston
CUST7499,PROD187,iPhone,Computers,2024-09-12,1649.33,2000,Los Angeles
CUST5110,PROD234,iPhone,Accessories,2025-01-23,699.91,5000,Miami
CUST3723,PROD486,Surface Pro,Accessories,2024-10-30,1639.37,1000,Seattle
CUST3333,PROD651,iPhone,Accessories,2024-03-18,395.6,5000,Denver
CUST6752,PROD667,iPhone,Electronics,2024-08-22,906.15,3000,Dallas
CUST4747,PROD847,iPad,Electronics,2024-11-08,694.55,5000,New York
CUST9929,PROD282,iPhone,Electronics,2024-05-15,607.69,5000,San Francisco
CUST2527,PROD574,Surface Pro,Accessories,2024-09-27,565.35,3000,Los Angeles
CUST6633,PROD660,iPhone,Accessories,2025-01-04,108.97,2000,Houston
CUST1544,PROD547,iPhone,Computers,2024-09-21,1536.51,3000,Dallas
CUST4567,PROD745,Galaxy Tab,Accessories,2024-08-03,486.51,1000,Boston
CUST9116,PROD284,iPhone,Electronics,2025-01-19,1781.63,3000,New York
CUST5515,PROD723,MacBook,Accessories,2024-04-19,1972.0,1000,Dallas
CUST6177,PROD133,iPhone,Electronics,2024-02-21,201.88,4000,San Francisco
CUST2652,PROD882,Galaxy Tab,Accessories,2024-07-26,101.01,4000,San Francisco
CUST6150,PROD958,Kindle,Electronics,2024-06-12,1644.65,2000,New York
CUST7611,PROD919,MacBook,Electronics,2024-06-02,1815.1,2000,Chicago
CUST9644,PROD832,iPhone,Accessories,2025-01-23,702.1,1000,Los Angeles
CUST6759,PROD894,iPad,Electronics,2024-08-30,1985.11,5000,Seattle
CUST1711,PROD488,Galaxy Tab,Accessories,2024-08-02,1280.84,2000,Chicago
CUST9952,PROD333,iPhone,Computers,2024-12-16,468.07,2000,Boston
CUST9983,PROD909,iPad,Computers,2024-08-22,1929.26,5000,Los Angeles
CUST4575,PROD927,MacBook,Electronics,2024-03-07,357.84,2000,Boston
CUST3434,PROD272,iPad,Computers,2024-11-12,998.44,5000,Boston
CUST8685,PROD263,Kindle,Accessories,2024-07-12,113.71,4000,Boston
CUST2530,PROD209,MacBook,Electronics,2025-01-28,715.78,2000,Dallas
CUST2746,PROD913,iPad,Electronics,2024-07-09,500.36,4000,Seattle
CUST8599,PROD976,Galaxy Tab,Electronics,2024-08-11,552.28,3000,San Francisco
CUST2476,PROD166,Galaxy Tab,Electronics,2024-02-18,1603.69,3000,San Francisco
CUST2129,PROD674,Surface Pro,Electronics,2024-12-30,1818.18,3000,Dallas
CUST3188,PROD778,iPad,Computers,2024-09-26,621.16,4000,Seattle
CUST8187,PROD822,iPad,Electronics,2024-10-09,121.63,4000,New York
CUST7830,PROD294,Kindle,Computers,2024-04-23,419.15,3000,San Francisco
CUST1952,PROD962,Galaxy Tab,Accessories,2024-10-14,1018.19,3000,Houston
CUST8594,PROD308,MacBook,Computers,2024-12-19,1815.81,3000,Denver
CUST1302,PROD802,iPad,Electronics,2024-04-09,1555.53,2000,Dallas
CUST6050,PROD175,iPad,Accessories,2024-05-30,632.12,2000,Denver
CUST8348,PROD254,Galaxy Tab,Accessories,2024-11-21,818.09,3000,Chicago
CUST6634,PROD753,Surface Pro,Electronics,2024-05-16,393.76,1000,Houston
CUST5898,PROD664,Kindle,Electronics,2025-01-21,1890.77,1000,Los Angeles
CUST9934,PROD935,iPad,Electronics,2024-03-02,1763.18,4000,Denver
CUST3751,PROD639,iPad,Accessories,2024-11-21,118.09,2000,Seattle
CUST2305,PROD661,iPad,Accessories,2024-03-03,1679.4,4000,Boston
CUST6141,PROD884,iPhone,Accessories,2024-03-14,1015.04,4000,New York
CUST6947,PROD973,Surface Pro,Electronics,2024-08-29,1242.75,3000,Chicago
CUST3161,PROD850,MacBook,Electronics,2024-06-11,1772.12,2000,Denver
CUST4163,PROD921,Kindle,Computers,2024-04-25,1772.32,3000,Dallas
CUST5569,PROD557,Kindle,Accessories,2024-10-24,1063.54,1000,Dallas
CUST4439,PROD629,MacBook,Accessories,2024-09-17,1438.48,3000,San Francisco
CUST5909,PROD906,Surface Pro,Accessories,2024-10-12,1333.16,5000,Dallas
CUST4194,PROD916,iPad,Electronics,2024-04-13,700.56,5000,Denver
CUST4328,PROD348,Kindle,Accessories,2024-07-19,314.73,1000,Denver
CUST9757,PROD348,iPad,Electronics,2024-05-12,399.66,2000,New York
CUST5393,PROD901,Galaxy Tab,Computers,2024-07-31,270.93,1000,Chicago
CUST1357,PROD609,Galaxy Tab,Accessories,2024-04-30,1398.7,5000,Los Angeles
CUST2338,PROD612,iPhone,Accessories,2024-10-12,1627.53,5000,Chicago
CUST1480,PROD400,iPhone,Accessories,2024-06-02,1019.88,1000,Denver
CUST7077,PROD310,Surface Pro,Electronics,2024-09-12,778.61,4000,Chicago
CUST2687,PROD726,MacBook,Computers,2024-09-17,1638.09,1000,Boston
CUST1785,PROD207,MacBook,Accessories,2025-01-27,913.35,1000,Dallas
CUST9228,PROD370,Surface Pro,Electronics,2024-09-24,1377.99,2000,Chicago
CUST8892,PROD778,Galaxy Tab,Computers,2025-01-16,1664.83,5000,Chicago
CUST3614,PROD953,Kindle,Accessories,2024-05-22,655.33,5000,Los Angeles
CUST6378,PROD863,Galaxy Tab,Computers,2024-03-19,619.21,1000,Miami
CUST6981,PROD278,Galaxy Tab,Electronics,2024-03-13,142.29,4000,Denver
CUST4617,PROD810,iPhone,Electronics,2024-03-13,1601.95,4000,San Francisco
CUST1018,PROD756,iPhone,Accessories,2024-05-08,1654.9,2000,Boston
CUST3458,PROD130,Surface Pro,Computers,2024-09-18,1945.08,2000,Miami
CUST3139,PROD800,Galaxy Tab,Accessories,2024-07-13,990.27,3000,New York
CUST6641,PROD525,Kindle,Accessories,2024-04-02,1201.06,4000,Dallas
CUST2421,PROD492,Surface Pro,Computers,2024-08-11,136.66,4000,Houston
CUST2966,PROD547,iPhone,Accessories,2024-12-26,699.15,5000,Houston
CUST3688,PROD292,iPhone,Computers,2024-09-03,1980.7,4000,Los Angeles
CUST3025,PROD786,Surface Pro,Computers,2024-05-11,1425.72,5000,New York
CUST6219,PROD856,Surface Pro,Computers,2024-06-14,1773.91,4000,Seattle
CUST5090,PROD141,Galaxy Tab,Computers,2024-03-07,1964.87,3000,Boston
CUST4863,PROD530,Kindle,Computers,2024-07-01,570.53,4000,Miami
CUST3912,PROD515,iPhone,Electronics,2024-12-15,1831.54,5000,Houston
CUST1826,PROD431,MacBook,Electronics,2025-01-26,361.39,3000,San Francisco
CUST5700,PROD462,MacBook,Electronics,2024-04-13,800.21,1000,Houston
CUST3754,PROD545,iPhone,Electronics,2024-05-23,421.0,1000,San Francisco
CUST7537,PROD969,iPad,Electronics,2025-02-05,757.96,1000,Boston
CUST1456,PROD284,iPhone,Accessories,2024-06-07,1892.14,3000,Dallas
CUST9523,PROD230,Galaxy Tab,Computers,2024-03-07,1350.78,5000,Miami
CUST2321,PROD670,Galaxy Tab,Computers,2024-02-21,1747.37,3000,Houston
CUST7407,PROD506,iPhone,Accessories,2024-07-29,1426.07,4000,Miami
CUST4932,PROD312,iPad,Accessories,2024-03-15,465.12,3000,New York
CUST3051,PROD408,Kindle,Accessories,2024-11-26,1932.03,4000,Chicago
CUST9637,PROD663,Galaxy Tab,Accessories,2025-02-13,429.18,3000,Boston
CUST8259,PROD807,iPhone,Accessories,2024-03-31,1465.95,4000,Chicago
CUST3342,PROD813,Kindle,Accessories,2024-11-02,1493.87,2000,San Francisco
CUST6080,PROD870,MacBook,Computers,2025-01-12,895.71,1000,Boston
CUST2512,PROD308,Galaxy Tab,Electronics,2024-11-07,1445.69,1000,Seattle
CUST4355,PROD143,Kindle,Electronics,2025-02-13,1607.08,2000,Dallas
CUST2613,PROD134,iPad,Accessories,2024-07-01,1288.8,1000,Los Angeles
CUST5233,PROD279,Surface Pro,Accessories,2025-01-23,1089.36,5000,Seattle
CUST4807,PROD124,Kindle,Accessories,2024-09-22,700.77,5000,Los Angeles
CUST3180,PROD160,iPad,Computers,2024-06-04,696.6,5000,Boston
CUST8309,PROD897,Galaxy Tab,Accessories,2024-04-26,1636.51,3000,Los Angeles
CUST4155,PROD799,MacBook,Computers,2024-10-17,1189.32,5000,Los Angeles
CUST3957,PROD231,Kindle,Accessories,2024-08-19,1267.95,5000,Los Angeles
CUST1231,PROD574,Surface Pro,Accessories,2024-10-06,1809.62,5000,Houston
CUST2588,PROD887,iPad,Electronics,2025-01-13,1847.62,4000,San Francisco
CUST1853,PROD161,MacBook,Accessories,2024-12-19,261.45,3000,Seattle
CUST3618,PROD784,iPhone,Computers,2024-09-08,559.53,1000,Houston
CUST5642,PROD785,Kindle,Computers,2024-07-26,1821.75,1000,Miami
CUST5986,PROD325,MacBook,Accessories,2024-03-08,1555.68,3000,Denver
CUST3317,PROD240,Kindle,Accessories,2024-05-18,468.51,4000,San Francisco
CUST8802,PROD296,Kindle,Electronics,2024-07-21,406.22,4000,Houston
CUST2970,PROD408,Galaxy Tab,Computers,2024-12-23,556.29,3000,Miami
CUST7860,PROD501,Galaxy Tab,Electronics,2024-12-05,230.1,5000,Denver
CUST3078,PROD980,Surface Pro,Computers,2025-01-07,1409.81,5000,Denver
CUST8280,PROD353,iPad,Accessories,2024-07-23,148.56,5000,Denver
CUST6624,PROD105,Galaxy Tab,Computers,2024-07-31,1626.42,2000,Denver
CUST3132,PROD505,MacBook,Accessories,2024-12-14,1112.51,1000,Dallas
CUST3909,PROD588,iPad,Electronics,2024-08-15,1656.63,2000,Seattle
CUST7728,PROD672,Galaxy Tab,Computers,2024-08-20,1720.66,4000,Boston
CUST7720,PROD185,Kindle,Computers,2024-04-23,1740.64,4000,Houston
CUST1294,PROD745,iPhone,Electronics,2024-12-25,1212.65,3000,Houston
CUST5434,PROD563,iPhone,Accessories,2024-03-16,1830.51,5000,Seattle
CUST7479,PROD179,iPhone,Electronics,2024-03-05,1798.55,3000,San Francisco
CUST4712,PROD842,iPad,Electronics,2025-01-27,1108.23,2000,New York
CUST2354,PROD803,Galaxy Tab,Computers,2024-12-22,1926.01,3000,San Francisco
CUST8260,PROD251,Kindle,Electronics,2024-05-21,916.17,4000,Boston
CUST7060,PROD995,Surface Pro,Computers,2024-05-10,1168.05,4000,Houston
CUST7815,PROD845,Surface Pro,Electronics,2024-08-25,1455.52,5000,Miami
CUST8337,PROD978,iPhone,Electronics,2024-03-06,1777.3,2000,Seattle
CUST7956,PROD199,Kindle,Accessories,2025-01-07,1133.53,5000,Dallas
CUST2534,PROD729,Kindle,Computers,2024-07-22,1339.65,3000,Dallas
CUST8232,PROD865,Surface Pro,Computers,2024-06-05,1372.94,4000,Dallas
CUST2333,PROD453,MacBook,Computers,2024-07-07,193.69,1000,San Francisco
CUST4109,PROD179,MacBook,Accessories,2025-01-18,1989.25,4000,Dallas
CUST3610,PROD867,iPhone,Accessories,2024-04-23,979.12,1000,Seattle
CUST6412,PROD516,iPhone,Computers,2024-10-14,1058.09,2000,Miami
CUST5636,PROD894,iPad,Electronics,2024-04-21,567.66,3000,Chicago
CUST8000,PROD905,Galaxy Tab,Electronics,2024-03-03,1377.73,5000,Dallas
CUST3476,PROD658,MacBook,Computers,2024-06-01,1683.07,3000,Los Angeles
CUST9734,PROD571,iPhone,Electronics,2024-10-26,1189.72,1000,Seattle
CUST6730,PROD966,Surface Pro,Electronics,2024-04-24,540.43,4000,Houston
CUST1883,PROD666,MacBook,Accessories,2024-09-06,1462.49,1000,Miami
CUST8375,PROD333,Galaxy Tab,Electronics,2024-07-24,129.01,3000,Miami
CUST6960,PROD828,Galaxy Tab,Computers,2024-09-19,668.55,1000,Chicago
CUST1824,PROD522,Kindle,Accessories,2024-02-21,1032.02,3000,San Francisco
CUST3950,PROD461,Surface Pro,Electronics,2024-04-29,615.28,5000,New York
CUST5438,PROD317,Surface Pro,Electronics,2024-04-06,1941.08,2000,Dallas
CUST9294,PROD545,Surface Pro,Electronics,2024-06-30,705.58,4000,Dallas
CUST5848,PROD614,MacBook,Electronics,2024-09-05,1225.89,5000,San Francisco
CUST2029,PROD747,Surface Pro,Computers,2024-11-15,1057.61,4000,Miami
CUST5384,PROD815,Galaxy Tab,Electronics,2024-09-04,1882.02,1000,Miami
CUST5992,PROD303,iPad,Computers,2024-06-22,1305.49,2000,San Francisco
CUST3470,PROD324,iPad,Computers,2024-08-11,1916.22,3000,San Francisco
CUST8458,PROD504,iPhone,Electronics,2025-01-16,1699.9,3000,Boston
CUST5814,PROD117,Kindle,Accessories,2025-01-07,1988.52,1000,Miami
CUST2771,PROD121,Surface Pro,Computers,2024-02-15,1187.68,2000,New York
CUST3907,PROD627,Surface Pro,Electronics,2024-03-02,1104.11,3000,New York
CUST6967,PROD544,iPad,Electronics,2024-02-26,1873.68,2000,Seattle
CUST5421,PROD854,Galaxy Tab,Electronics,2024-06-02,889.87,3000,Miami
CUST1791,PROD511,Kindle,Electronics,2024-09-10,1544.23,4000,San Francisco
CUST9910,PROD124,MacBook,Electronics,2024-08-30,1706.62,4000,Dallas
CUST9814,PROD605,iPhone,Accessories,2024-05-20,474.77,5000,San Francisco
CUST7397,PROD948,Kindle,Computers,2024-07-16,355.95,4000,Los Angeles
CUST5450,PROD145,MacBook,Accessories,2024-05-06,497.77,4000,Denver
CUST7794,PROD743,Surface Pro,Accessories,2024-06-04,1568.59,1000,Boston
CUST3624,PROD749,Galaxy Tab,Electronics,2024-03-14,1627.05,1000,Miami
CUST8460,PROD794,MacBook,Electronics,2024-09-17,1669.39,4000,Houston
CUST9334,PROD935,Surface Pro,Accessories,2024-02-21,281.84,1000,Los Angeles
CUST1983,PROD959,iPad,Electronics,2024-09-19,1572.75,4000,Chicago
CUST4466,PROD539,iPhone,Electronics,2024-07-07,122.93,5000,Miami
CUST1275,PROD685,Surface Pro,Accessories,2024-03-25,178.25,5000,Houston
CUST9288,PROD987,Galaxy Tab,Computers,2024-10-09,1094.91,4000,New York
CUST3881,PROD218,MacBook,Accessories,2024-07-30,1507.33,3000,Miami
CUST4351,PROD409,Surface Pro,Computers,2024-02-22,1057.73,3000,Miami
CUST6945,PROD385,iPad,Electronics,2024-07-16,1794.84,5000,Boston
CUST7368,PROD773,iPhone,Electronics,2024-06-06,557.54,5000,San Francisco
CUST7593,PROD106,iPhone,Electronics,2024-06-06,438.93,1000,Houston
CUST8597,PROD464,Kindle,Computers,2024-12-06,517.0,5000,Miami
CUST5412,PROD903,Kindle,Accessories,2024-04-27,1162.83,1000,Denver
CUST8508,PROD403,Kindle,Computers,2024-10-15,1385.82,1000,Miami
CUST9521,PROD474,Surface Pro,Electronics,2024-06-27,648.59,4000,Los Angeles
CUST5004,PROD809,Surface Pro,Computers,2024-09-17,282.38,2000,San Francisco
CUST5441,PROD514,iPhone,Computers,2024-05-27,1966.17,5000,New York
CUST2011,PROD810,MacBook,Computers,2024-06-22,1971.63,1000,New York
CUST6033,PROD676,MacBook,Accessories,2025-01-30,812.15,1000,Dallas
CUST4853,PROD875,Galaxy Tab,Electronics,2025-01-23,1568.77,2000,San Francisco
CUST6085,PROD885,Surface Pro,Computers,2024-11-28,955.0,1000,Los Angeles
CUST5547,PROD663,Surface Pro,Electronics,2024-04-04,1555.91,4000,Seattle
CUST8443,PROD871,iPad,Electronics,2024-04-23,577.91,2000,Denver
CUST7735,PROD584,iPad,Accessories,2024-11-20,1016.91,3000,Boston
CUST4252,PROD420,Galaxy Tab,Accessories,2024-03-23,427.0,3000,Seattle
CUST9618,PROD480,Galaxy Tab,Computers,2024-09-20,737.17,1000,Miami
CUST5273,PROD835,Kindle,Computers,2024-06-14,1587.51,4000,Dallas
CUST4881,PROD630,iPad,Computers,2024-06-16,658.0,1000,New York
CUST5241,PROD364,iPhone,Electronics,2024-11-14,1072.49,5000,New York
CUST5215,PROD489,iPhone,Computers,2024-11-03,155.23,5000,Boston
CUST5025,PROD597,Surface Pro,Accessories,2024-03-09,1162.76,5000,Seattle
CUST7126,PROD184,Kindle,Electronics,2024-03-19,400.3,1000,Boston
CUST4419,PROD505,iPhone,Accessories,2024-05-23,1950.63,4000,New York
CUST5873,PROD905,Surface Pro,Accessories,2025-01-06,892.72,3000,New York
CUST3158,PROD933,iPhone,Accessories,2024-04-13,569.5,5000,Chicago
CUST1780,PROD465,Galaxy Tab,Accessories,2024-02-22,657.64,2000,Miami
CUST4482,PROD683,MacBook,Accessories,2024-09-03,441.27,5000,San Francisco
CUST4563,PROD643,Surface Pro,Accessories,2025-01-19,1198.24,5000,Miami
CUST7922,PROD705,iPhone,Computers,2024-11-11,1922.18,4000,Boston
CUST9368,PROD900,Kindle,Computers,2025-02-13,1507.54,4000,San Francisco
CUST7687,PROD840,Kindle,Computers,2024-11-30,1809.78,1000,Chicago
CUST6559,PROD463,Galaxy Tab,Electronics,2024-08-26,889.31,1000,San Francisco
CUST4001,PROD695,Surface Pro,Computers,2024-02-23,413.39,3000,Miami
CUST7345,PROD275,iPad,Computers,2024-05-14,1230.84,5000,Miami
CUST1485,PROD600,iPhone,Accessories,2024-03-01,1543.8,2000,Denver
CUST8720,PROD751,iPhone,Accessories,2024-08-26,309.87,3000,Los Angeles
CUST5611,PROD131,Kindle,Electronics,2025-01-21,1600.63,1000,Chicago
CUST8049,PROD445,Surface Pro,Accessories,2024-05-26,1248.3,5000,San Francisco
CUST2252,PROD179,Galaxy Tab,Computers,2024-12-02,1951.52,1000,Dallas
CUST7919,PROD389,Surface Pro,Electronics,2024-06-19,543.06,3000,San Francisco
CUST1676,PROD422,Galaxy Tab,Accessories,2024-04-04,1986.76,2000,Miami
CUST5824,PROD769,MacBook,Electronics,2024-06-02,1024.66,4000,San Francisco
CUST9149,PROD553,iPad,Computers,2024-02-24,1892.88,4000,Boston
CUST1301,PROD578,MacBook,Computers,2024-02-16,1928.52,5000,Miami
CUST8456,PROD766,Galaxy Tab,Electronics,2024-08-14,1282.51,3000,Chicago
CUST9251,PROD236,iPhone,Electronics,2025-02-11,202.76,3000,Los Angeles
CUST1257,PROD926,Kindle,Accessories,2024-08-02,118.03,3000,New York
CUST3136,PROD722,MacBook,Electronics,2024-11-21,1931.28,2000,San Francisco
CUST9142,PROD271,MacBook,Computers,2024-10-22,1870.03,5000,Seattle
CUST4614,PROD922,Galaxy Tab,Computers,2024-07-22,622.11,5000,San Francisco
CUST9768,PROD116,iPhone,Accessories,2024-07-08,1613.0,4000,Houston
CUST7328,PROD686,Surface Pro,Computers,2024-02-21,1182.73,1000,Denver
CUST2934,PROD824,Surface Pro,Computers,2025-02-13,477.47,3000,Seattle
CUST9956,PROD126,Galaxy Tab,Computers,2024-05-03,177.62,4000,Boston
CUST2278,PROD558,Surface Pro,Computers,2024-04-27,245.3,3000,Miami
CUST2756,PROD355,Galaxy Tab,Computers,2025-01-18,1169.7,3000,Dallas
CUST2838,PROD642,Surface Pro,Accessories,2024-04-13,502.89,3000,Houston
CUST5360,PROD947,Galaxy Tab,Accessories,2024-04-02,1556.72,2000,Houston
CUST4148,PROD599,Kindle,Accessories,2024-10-24,690.27,5000,Denver
CUST2347,PROD574,MacBook,Computers,2024-10-16,1316.77,4000,Dallas
CUST2344,PROD828,MacBook,Computers,2024-04-30,823.0,5000,Los Angeles
CUST9786,PROD482,iPad,Electronics,2024-11-08,1762.82,3000,Seattle
CUST4669,PROD850,Surface Pro,Electronics,2024-12-05,466.97,1000,Chicago
CUST7459,PROD842,MacBook,Computers,2024-06-07,1667.15,2000,Denver
CUST7085,PROD687,iPhone,Electronics,2024-07-21,628.52,4000,Seattle
CUST7724,PROD120,Galaxy Tab,Accessories,2024-06-07,1740.33,2000,Houston
CUST7981,PROD727,iPad,Computers,2024-03-14,1789.48,3000,San Francisco
CUST7762,PROD968,iPad,Computers,2024-03-03,827.73,2000,Chicago
CUST2883,PROD597,Surface Pro,Accessories,2025-02-03,772.43,1000,Houston
CUST1824,PROD496,iPad,Accessories,2024-11-25,877.22,4000,Boston
CUST6355,PROD887,iPhone,Computers,2024-04-19,1127.55,3000,Los Angeles
CUST9164,PROD485,iPhone,Accessories,2024-11-28,1524.62,3000,Dallas
CUST8808,PROD976,Kindle,Computers,2024-09-12,1159.66,3000,Chicago
CUST9775,PROD829,Kindle,Electronics,2024-11-25,1495.13,5000,Denver
CUST8897,PROD259,iPhone,Computers,2025-01-07,663.6,4000,San Francisco
CUST6349,PROD611,Kindle,Computers,2024-07-14,944.63,4000,Miami
CUST3059,PROD847,MacBook,Accessories,2024-06-24,1960.5,5000,Dallas
CUST3390,PROD303,Galaxy Tab,Computers,2024-09-18,1913.68,4000,Miami
CUST7755,PROD327,Galaxy Tab,Electronics,2024-11-24,185.65,2000,Los Angeles
CUST9534,PROD702,iPhone,Computers,2024-06-14,1215.05,4000,San Francisco
CUST5493,PROD822,Galaxy Tab,Accessories,2024-10-18,618.23,2000,Dallas
CUST7049,PROD247,Galaxy Tab,Electronics,2024-03-13,1755.09,4000,Boston
CUST4763,PROD365,iPad,Electronics,2024-07-16,418.05,4000,Boston
CUST3631,PROD492,MacBook,Electronics,2024-06-16,1157.98,4000,Boston
CUST3403,PROD197,MacBook,Accessories,2024-12-31,491.8,4000,Miami
CUST2622,PROD895,Surface Pro,Accessories,2024-12-21,1063.71,5000,Miami
CUST6691,PROD933,MacBook,Computers,2024-09-13,1709.7,3000,Miami
CUST6237,PROD713,Galaxy Tab,Accessories,2024-03-21,1767.76,5000,Denver
CUST7263,PROD833,Galaxy Tab,Electronics,2024-03-18,1232.27,4000,Denver
CUST5197,PROD790,MacBook,Accessories,2024-07-26,890.18,5000,Seattle
